{
    "accuracy": 0.7452830188679245,
    "roc_auc": 0.5350125378943823,
    "classification_report": {
        "0": {
            "precision": 0.8328690807799443,
            "recall": 0.861671469740634,
            "f1-score": 0.8470254957507082,
            "support": 347.0
        },
        "1": {
            "precision": 0.26153846153846155,
            "recall": 0.22077922077922077,
            "f1-score": 0.23943661971830985,
            "support": 77.0
        },
        "accuracy": 0.7452830188679245,
        "macro avg": {
            "precision": 0.5472037711592029,
            "recall": 0.5412253452599274,
            "f1-score": 0.543231057734509,
            "support": 424.0
        },
        "weighted avg": {
            "precision": 0.7291132843610901,
            "recall": 0.7452830188679245,
            "f1-score": 0.7366850630750131,
            "support": 424.0
        }
    }
}