{
    "accuracy": 0.8136792452830188,
    "roc_auc": 0.5350125378943823,
    "classification_report": {
        "0": {
            "precision": 0.819047619047619,
            "recall": 0.9913544668587896,
            "f1-score": 0.8970013037809648,
            "support": 347.0
        },
        "1": {
            "precision": 0.25,
            "recall": 0.012987012987012988,
            "f1-score": 0.024691358024691357,
            "support": 77.0
        },
        "accuracy": 0.8136792452830188,
        "macro avg": {
            "precision": 0.5345238095238095,
            "recall": 0.5021707399229013,
            "f1-score": 0.46084633090282806,
            "support": 424.0
        },
        "weighted avg": {
            "precision": 0.7157064240790655,
            "recall": 0.8136792452830188,
            "f1-score": 0.7385865258959812,
            "support": 424.0
        }
    }
}