{
    "Random Forest": {
        "accuracy": 0.8335832083958021,
        "f1_score": 0.0975609756097561,
        "confusion_matrix": [
            [
                550,
                46
            ],
            [
                65,
                6
            ]
        ],
        "classification_report": {
            "accuracy": 0.8335832083958021,
            "macro avg": {
                "precision": 0.5048467792370231,
                "recall": 0.503662917099915,
                "f1-score": 0.5029505951541762,
                "support": 667.0
            },
            "weighted avg": {
                "precision": 0.8113949591808224,
                "recall": 0.8335832083958021,
                "f1-score": 0.8220353781539069,
                "support": 667.0
            }
        },
        "roc_auc": 0.46765998676623494,
        "pr_auc": 0.10114008772806476
    },
    "Gradient Boosting": {
        "accuracy": 0.8035982008995503,
        "f1_score": 0.09655172413793103,
        "confusion_matrix": [
            [
                529,
                67
            ],
            [
                64,
                7
            ]
        ],
        "classification_report": {
            "accuracy": 0.8035982008995503,
            "macro avg": {
                "precision": 0.4933343967913951,
                "recall": 0.49308772095661213,
                "f1-score": 0.4931875525651808,
                "support": 667.0
            },
            "weighted avg": {
                "precision": 0.8071850656869278,
                "recall": 0.8035982008995503,
                "f1-score": 0.8053821701428512,
                "support": 667.0
            }
        },
        "roc_auc": 0.4851001985064751,
        "pr_auc": 0.10215060279407212
    },
    "Logistic Regression": {
        "accuracy": 0.4332833583208396,
        "f1_score": 0.16371681415929204,
        "confusion_matrix": [
            [
                252,
                344
            ],
            [
                34,
                37
            ]
        ],
        "classification_report": {
            "accuracy": 0.4332833583208396,
            "macro avg": {
                "precision": 0.4891158710056348,
                "recall": 0.47197277625484446,
                "f1-score": 0.36757269279393173,
                "support": 667.0
            },
            "weighted avg": {
                "precision": 0.7976639674216083,
                "recall": 0.4332833583208396,
                "f1-score": 0.5280289690805672,
                "support": 667.0
            }
        },
        "roc_auc": 0.43049910199451735,
        "pr_auc": 0.08815833238433582
    }
}