{
    "accuracy": 0.6957547169811321,
    "roc_auc": 0.5439949099891462,
    "classification_report": {
        "0": {
            "precision": 0.8263473053892215,
            "recall": 0.7953890489913544,
            "f1-score": 0.8105726872246696,
            "support": 347.0
        },
        "1": {
            "precision": 0.2111111111111111,
            "recall": 0.24675324675324675,
            "f1-score": 0.2275449101796407,
            "support": 77.0
        },
        "accuracy": 0.6957547169811321,
        "macro avg": {
            "precision": 0.5187292082501663,
            "recall": 0.5210711478723006,
            "f1-score": 0.5190587987021551,
            "support": 424.0
        },
        "weighted avg": {
            "precision": 0.7146180908623004,
            "recall": 0.6957547169811321,
            "f1-score": 0.7046926428084733,
            "support": 424.0
        }
    }
}